{"stats":{"minecraft:picked_up":{"minecraft:repeater":52,"minecraft:red_wool":1,"minecraft:pink_wool":1,"minecraft:orange_banner":1,"minecraft:target":2,"minecraft:redstone":310,"minecraft:orange_wool":25,"minecraft:yellow_carpet":1,"minecraft:oak_sign":2,"minecraft:light_blue_wool":21,"minecraft:lever":38,"minecraft:redstone_torch":131,"minecraft:green_wool":79,"minecraft:light_gray_wool":16},"minecraft:dropped":{"minecraft:gray_wool":1,"minecraft:cyan_wool":1,"minecraft:spruce_trapdoor":64,"minecraft:repeater":2,"minecraft:light_blue_wool":1,"minecraft:red_wool":1,"minecraft:orange_wool":2,"minecraft:redstone":66},"minecraft:used":{"minecraft:redstone_torch":653,"minecraft:purple_stained_glass":1,"minecraft:sticky_piston":75,"minecraft:glass":3,"minecraft:lever":337,"minecraft:sea_lantern":2,"minecraft:light_gray_stained_glass":234,"minecraft:command_block":8,"minecraft:yellow_stained_glass":153,"minecraft:red_wool":1258,"minecraft:redstone":8177,"minecraft:lime_wool":817,"minecraft:stone_button":66,"minecraft:oak_sign":84,"minecraft:green_wool":466,"minecraft:stone":7,"minecraft:redstone_block":133,"minecraft:pink_wool":1041,"minecraft:yellow_wool":2368,"minecraft:light_gray_wool":2624,"minecraft:orange_stained_glass":47,"minecraft:repeater":1143,"minecraft:redstone_lamp":106,"minecraft:target":98,"minecraft:comparator":61,"minecraft:magenta_wool":353,"minecraft:orange_banner":3,"minecraft:light_blue_wool":1842,"minecraft:pink_stained_glass":89,"minecraft:orange_wool":1720,"minecraft:yellow_carpet":10,"minecraft:gray_wool":570,"minecraft:cyan_wool":456,"minecraft:light_blue_stained_glass":30,"minecraft:stripped_spruce_log":39,"minecraft:green_stained_glass":154},"minecraft:custom":{"minecraft:time_since_rest":12538,"minecraft:sprint_one_cm":63167,"minecraft:damage_taken":240,"minecraft:walk_one_cm":194134,"minecraft:drop":14,"minecraft:fly_one_cm":19279402,"minecraft:crouch_one_cm":27036,"minecraft:play_time":1527712,"minecraft:deaths":6,"minecraft:sneak_time":98570,"minecraft:jump":2229,"minecraft:leave_game":46,"minecraft:time_since_death":12507,"minecraft:total_world_time":1879017}},"DataVersion":3465}