{"stats":{"minecraft:custom":{"minecraft:time_since_rest":249872,"minecraft:crouch_one_cm":2765,"minecraft:sprint_one_cm":13918,"minecraft:play_time":249872,"minecraft:walk_one_cm":26255,"minecraft:sneak_time":13345,"minecraft:drop":1,"minecraft:jump":261,"minecraft:leave_game":5,"minecraft:time_since_death":249872,"minecraft:total_world_time":273507,"minecraft:fly_one_cm":3603802},"minecraft:dropped":{"minecraft:magenta_wool":1},"minecraft:picked_up":{"minecraft:lever":18,"minecraft:comparator":1,"minecraft:redstone_torch":9,"minecraft:redstone":58},"minecraft:used":{"minecraft:redstone_torch":142,"minecraft:sticky_piston":64,"minecraft:light_gray_wool":770,"minecraft:lever":109,"minecraft:repeater":228,"minecraft:redstone_lamp":10,"minecraft:light_gray_stained_glass":26,"minecraft:target":1,"minecraft:comparator":28,"minecraft:magenta_wool":1439,"minecraft:red_wool":790,"minecraft:red_stained_glass":19,"minecraft:redstone":2443,"minecraft:orange_wool":445,"minecraft:green_wool":1,"minecraft:stone_button":32,"minecraft:oak_sign":2,"minecraft:redstone_block":35}},"DataVersion":3465}