{"stats":{"minecraft:used":{"minecraft:redstone_torch":653,"minecraft:purple_stained_glass":1,"minecraft:sticky_piston":75,"minecraft:glass":3,"minecraft:sea_lantern":2,"minecraft:lever":337,"minecraft:light_gray_stained_glass":234,"minecraft:yellow_stained_glass":153,"minecraft:command_block":8,"minecraft:red_wool":1259,"minecraft:green_wool":466,"minecraft:redstone":8178,"minecraft:lime_wool":817,"minecraft:stone_button":66,"minecraft:oak_sign":84,"minecraft:stone":7,"minecraft:redstone_block":174,"minecraft:pink_wool":1041,"minecraft:yellow_wool":2368,"minecraft:light_gray_wool":2624,"minecraft:orange_stained_glass":47,"minecraft:repeater":1143,"minecraft:redstone_lamp":106,"minecraft:target":98,"minecraft:comparator":61,"minecraft:magenta_wool":353,"minecraft:orange_banner":3,"minecraft:light_blue_wool":1842,"minecraft:pink_stained_glass":89,"minecraft:orange_wool":1720,"minecraft:yellow_carpet":10,"minecraft:gray_wool":570,"minecraft:cyan_wool":456,"minecraft:light_blue_stained_glass":30,"minecraft:stripped_spruce_log":39,"minecraft:green_stained_glass":154},"minecraft:custom":{"minecraft:time_since_rest":4830,"minecraft:sprint_one_cm":67825,"minecraft:damage_taken":240,"minecraft:walk_one_cm":206026,"minecraft:drop":14,"minecraft:fly_one_cm":19346486,"minecraft:crouch_one_cm":27675,"minecraft:play_time":1547566,"minecraft:deaths":7,"minecraft:sneak_time":99125,"minecraft:jump":2319,"minecraft:leave_game":47,"minecraft:time_since_death":4807,"minecraft:total_world_time":1912254},"minecraft:dropped":{"minecraft:gray_wool":1,"minecraft:cyan_wool":1,"minecraft:spruce_trapdoor":64,"minecraft:repeater":2,"minecraft:light_blue_wool":1,"minecraft:red_wool":1,"minecraft:orange_wool":2,"minecraft:redstone":66},"minecraft:picked_up":{"minecraft:repeater":52,"minecraft:red_wool":1,"minecraft:pink_wool":1,"minecraft:orange_banner":1,"minecraft:target":2,"minecraft:redstone":311,"minecraft:orange_wool":25,"minecraft:yellow_carpet":1,"minecraft:oak_sign":3,"minecraft:light_blue_wool":21,"minecraft:lever":43,"minecraft:redstone_torch":131,"minecraft:green_wool":79,"minecraft:light_gray_wool":16}},"DataVersion":3465}