{"stats":{"minecraft:used":{"minecraft:redstone_torch":713,"minecraft:purple_stained_glass":176,"minecraft:sticky_piston":116,"minecraft:lever":459,"minecraft:light_gray_stained_glass":26,"minecraft:yellow_stained_glass":168,"minecraft:red_wool":1587,"minecraft:smooth_quartz_slab":5,"minecraft:red_stained_glass":26,"minecraft:redstone":9111,"minecraft:brown_wool":49,"minecraft:lime_wool":1434,"minecraft:stone_button":75,"minecraft:oak_sign":3,"minecraft:green_wool":1538,"minecraft:redstone_block":93,"minecraft:magenta_stained_glass":59,"minecraft:pink_wool":2025,"minecraft:yellow_wool":1426,"minecraft:white_wool":117,"minecraft:light_gray_wool":902,"minecraft:repeater":1449,"minecraft:redstone_lamp":102,"minecraft:target":62,"minecraft:comparator":240,"minecraft:magenta_wool":3204,"minecraft:lime_stained_glass":210,"minecraft:light_blue_wool":50,"minecraft:pink_stained_glass":105,"minecraft:orange_wool":505,"minecraft:cyan_wool":505,"minecraft:observer":4,"minecraft:cyan_stained_glass":113,"minecraft:purple_wool":891,"minecraft:obsidian":1,"minecraft:green_stained_glass":120},"minecraft:picked_up":{"minecraft:lime_wool":4,"minecraft:repeater":43,"minecraft:yellow_wool":9,"minecraft:redstone_lamp":1,"minecraft:pink_wool":4,"minecraft:stone_button":3,"minecraft:redstone":465,"minecraft:sticky_piston":2,"minecraft:lever":35,"minecraft:comparator":13,"minecraft:redstone_torch":60,"minecraft:green_wool":16,"minecraft:white_wool":12},"minecraft:dropped":{"minecraft:lever":1,"minecraft:repeater":1,"minecraft:redstone_torch":1,"minecraft:magenta_wool":1,"minecraft:green_wool":1,"minecraft:redstone":1},"minecraft:custom":{"minecraft:time_since_rest":3974506,"minecraft:sprint_one_cm":55278,"minecraft:walk_one_cm":114886,"minecraft:drop":6,"minecraft:fly_one_cm":15386488,"minecraft:crouch_one_cm":21344,"minecraft:play_time":3974506,"minecraft:sneak_time":282305,"minecraft:jump":1160,"minecraft:leave_game":35,"minecraft:time_since_death":3974506,"minecraft:total_world_time":11541492}},"DataVersion":3804}