{"stats":{"minecraft:used":{"minecraft:cherry_boat":4,"minecraft:sticky_piston":44,"minecraft:piston":5,"minecraft:honey_block":3,"minecraft:redstone":18,"minecraft:slime_block":116,"minecraft:oak_button":4,"minecraft:lime_wool":1,"minecraft:chest":4,"minecraft:cherry_sign":5,"minecraft:stone":60,"minecraft:redstone_block":31,"minecraft:white_wool":10,"minecraft:redstone_lamp":5,"minecraft:bow":112,"minecraft:jungle_button":6,"minecraft:hopper":1,"minecraft:stripped_oak_wood":14,"minecraft:glass_pane":12,"minecraft:stripped_oak_log":92,"minecraft:observer":48,"minecraft:obsidian":235},"minecraft:dropped":{"minecraft:piston":1,"minecraft:lever":1,"minecraft:repeater":1,"minecraft:honey_block":1,"minecraft:hopper":1,"minecraft:sticky_piston":1,"minecraft:obsidian":128,"minecraft:chest":6,"minecraft:redstone_torch":1,"minecraft:comparator":1,"minecraft:slime_block":2,"minecraft:stripped_oak_log":64,"minecraft:white_wool":2,"minecraft:redstone_block":1,"minecraft:redstone":2,"minecraft:target":1},"minecraft:custom":{"minecraft:time_since_rest":6105,"minecraft:sprint_one_cm":3284,"minecraft:damage_taken":240,"minecraft:walk_one_cm":10703,"minecraft:drop":25,"minecraft:inspect_hopper":2,"minecraft:fly_one_cm":343353,"minecraft:open_chest":10,"minecraft:crouch_one_cm":3227,"minecraft:play_time":51340,"minecraft:deaths":3,"minecraft:sneak_time":1884,"minecraft:boat_one_cm":1651,"minecraft:jump":123,"minecraft:leave_game":3,"minecraft:time_since_death":6082,"minecraft:total_world_time":51340},"minecraft:picked_up":{"minecraft:slime_block":1,"minecraft:oak_button":1,"minecraft:obsidian":64}},"DataVersion":3465}